"Field key in the payload","Suggested GHL field name","Type","Goes to","What it is"
"answers_q1_q1","Q1 Roughly what did the business turn over in the last 12 month","Multi line text","Sheet","Their answer, in the words they picked"
"answers_q2_q2","Q2 How many people work in the business, including you?","Multi line text","Sheet","Their answer, in the words they picked"
"answers_q3_q3","Q3 What does the business sell?","Multi line text","Sheet","Their answer, in the words they picked"
"answers_q4_q53","Q4 How does revenue usually repeat?","Multi line text","Sheet","Their answer, in the words they picked"
"answers_q5_q4","Q5 How long has the business been trading?","Multi line text","Sheet","Their answer, in the words they picked"
"answers_q6_q5","Q6 Where does most of your week actually go?","Multi line text","Sheet","Their answer, in the words they picked"
"answers_q7_q54","Q7 How do you usually get paid?","Multi line text","Sheet","Their answer, in the words they picked"
"answers_q8_q6","Q8 In the last 6 months, how often have you delayed paying a su","Multi line text","Sheet","Their answer, in the words they picked"
"answers_q9_q7","Q9 Once you've asked for the balance, how long until it's actua","Multi line text","Sheet","Their answer, in the words they picked"
"answers_q9_q7_exact","Q9 exact figure","Number","Sheet","The figure they typed, if they typed one"
"answers_q10_q8","Q10 If revenue stopped tomorrow, how long could you cover wages ","Multi line text","Sheet","Their answer, in the words they picked"
"answers_q11_q9","Q11 In the last 12 months, have you turned down or delayed work ","Multi line text","Sheet","Their answer, in the words they picked"
"answers_q12_q10","Q12 Over the last 12 months, was the business profitable on pape","Multi line text","Sheet","Their answer, in the words they picked"
"answers_q13_q55","Q13 How much money are you owed right now that's past its due da","Multi line text","Sheet","Their answer, in the words they picked"
"answers_q14_q11","Q14 Which of these are somebody's actual job, not something you ","Multi line text","Sheet","Their answer, in the words they picked"
"answers_q15_q12","Q15 If you were uncontactable for a month, what happens to the b","Multi line text","Sheet","Their answer, in the words they picked"
"answers_q16_q13","Q16 Which of these ate the most of your week?","Multi line text","Sheet","Their answer, in the words they picked"
"answers_q17_q56","Q17 How much of last week went to any of these?","Multi line text","Sheet","Their answer, in the words they picked"
"answers_q18_q14","Q18 In the last 12 months, has a new product, a new location, a ","Multi line text","Sheet","Their answer, in the words they picked"
"answers_q19_q15","Q19 How many people report directly to you?","Multi line text","Sheet","Their answer, in the words they picked"
"answers_q20_q16","Q20 How booked is your delivery capacity for the next 30 days?","Multi line text","Sheet","Their answer, in the words they picked"
"answers_q20_q16_exact","Q20 exact figure","Number","Sheet","The figure they typed, if they typed one"
"answers_q21_q17","Q21 In the last 6 months, have you turned work away or pushed ou","Multi line text","Sheet","Their answer, in the words they picked"
"answers_q22_q18","Q22 What's happened to your lead time in the last 12 months?","Multi line text","Sheet","Their answer, in the words they picked"
"answers_q23_q19","Q23 How far ahead is the work actually ready?","Multi line text","Sheet","Their answer, in the words they picked"
"answers_q24_q20","Q24 Outside of delivery days, is the team working nights and wee","Multi line text","Sheet","Their answer, in the words they picked"
"answers_q25_q21","Q25 Of the customers who bought from you a year ago, roughly how","Multi line text","Sheet","Their answer, in the words they picked"
"answers_q25_q21_exact","Q25 exact figure","Number","Sheet","The figure they typed, if they typed one"
"answers_q26_q57","Q26 Of the work your existing customers put out, how much of it ","Multi line text","Sheet","Their answer, in the words they picked"
"answers_q26_q57_exact","Q26 exact figure","Number","Sheet","The figure they typed, if they typed one"
"answers_q27_q22","Q27 How often do customers come back and buy again without you c","Multi line text","Sheet","Their answer, in the words they picked"
"answers_q28_q23","Q28 How many of your new customers arrive through a referral fro","Multi line text","Sheet","Their answer, in the words they picked"
"answers_q29_q24","Q29 In the last 12 months, how many customers have moved some or","Multi line text","Sheet","Their answer, in the words they picked"
"answers_q30_q25","Q30 Do you know why customers stop buying, or go to a competitor","Multi line text","Sheet","Their answer, in the words they picked"
"answers_q31_q26","Q31 Of the people who enquire and find out what it costs, how ma","Multi line text","Sheet","Their answer, in the words they picked"
"answers_q31_q26_exact","Q31 exact figure","Number","Sheet","The figure they typed, if they typed one"
"answers_q32_q27","Q32 When you lose a deal, what's the most common reason?","Multi line text","Sheet","Their answer, in the words they picked"
"answers_q33_q28","Q33 When somebody sees your price, how often do they come back a","Multi line text","Sheet","Their answer, in the words they picked"
"answers_q34_q29","Q34 Has the proportion of enquiries that turn into work changed ","Multi line text","Sheet","Their answer, in the words they picked"
"answers_q35_q30","Q35 How does a prospect find out what you charge?","Multi line text","Sheet","Their answer, in the words they picked"
"answers_q36_q31","Q36 How many new enquiries does the business get in a typical mo","Multi line text","Sheet","Their answer, in the words they picked"
"answers_q36_q31_exact","Q36 exact figure","Number","Sheet","The figure they typed, if they typed one"
"answers_q37_q32","Q37 Where do your enquiries actually come from?","Multi line text","Sheet","Their answer, in the words they picked"
"answers_q38_q33","Q38 Has enquiry volume changed in the last 12 months?","Multi line text","Sheet","Their answer, in the words they picked"
"answers_q39_q34","Q39 If twice as many enquiries landed next month, could you deli","Multi line text","Sheet","Their answer, in the words they picked"
"answers_q40_q35","Q40 Are you doing anything right now to generate new enquiries?","Multi line text","Sheet","Their answer, in the words they picked"
"answers_q41_q36","Q41 On a typical sale, what's left after the direct cost of deli","Multi line text","Sheet","Their answer, in the words they picked"
"answers_q41_q36_exact","Q41 exact figure","Number","Sheet","The figure they typed, if they typed one"
"answers_q42_q37","Q42 After everything, including paying yourself properly, what's","Multi line text","Sheet","Their answer, in the words they picked"
"answers_q42_q37_exact","Q42 exact figure","Number","Sheet","The figure they typed, if they typed one"
"answers_q43_q38","Q43 When did you last raise your prices?","Multi line text","Sheet","Their answer, in the words they picked"
"answers_q44_q39","Q44 How often does something end up costing more to deliver than","Multi line text","Sheet","Their answer, in the words they picked"
"answers_q45_q40","Q45 Do you know which customers, products or lines of work actua","Multi line text","Sheet","Their answer, in the words they picked"
"answers_q45_q59","Q45 Which of these does the business actually measure, rather th","Multi line text","Sheet","Their answer, in the words they picked"
"answers_q46_q41","Q46 What share of your revenue comes from your single biggest cu","Multi line text","Sheet","Their answer, in the words they picked"
"answers_q46_q41_exact","Q46 exact figure","Number","Sheet","The figure they typed, if they typed one"
"answers_q47_q42","Q47 What share of revenue comes from your single biggest product","Multi line text","Sheet","Their answer, in the words they picked"
"answers_q47_q42_exact","Q47 exact figure","Number","Sheet","The figure they typed, if they typed one"
"answers_q48_q43","Q48 How spread out are the places your new customers come from?","Multi line text","Sheet","Their answer, in the words they picked"
"answers_q49_q44","Q49 Which of these is there exactly one of, with nobody and noth","Multi line text","Sheet","Their answer, in the words they picked"
"answers_q50_q58","Q50 Of the ones you just ticked, which would hurt most if it wen","Multi line text","Sheet","Their answer, in the words they picked"
"answers_q51_q45","Q51 How is your work actually committed by the customer?","Multi line text","Sheet","Their answer, in the words they picked"
"answers_q52_q46","Q52 How much of the work is documented well enough that someone ","Multi line text","Sheet","Their answer, in the words they picked"
"answers_q53_q47","Q53 How often do you look at numbers that tell you how the busin","Multi line text","Sheet","Their answer, in the words they picked"
"answers_q54_q48","Q54 If you had to step out for three months starting Monday, who","Multi line text","Sheet","Their answer, in the words they picked"
"answers_q55_q49","Q55 If you sold the business tomorrow, how long would the buyer ","Multi line text","Sheet","Their answer, in the words they picked"
"answers_q56_q50","Q56 Is there a plan for what happens to the business if you stop","Multi line text","Sheet","Their answer, in the words they picked"
"answers_q57_q51","Q57 Have you personally guaranteed any of the business's debt, l","Multi line text","Sheet","Their answer, in the words they picked"
"answers_q58_q52","Q58 How well does the way you spend your week match what you wan","Multi line text","Sheet","Their answer, in the words they picked"
"result_major","Diagnostic major","Text","GHL + Sheet","supply or demand"
"result_constraint","Diagnostic constraint","Text","GHL + Sheet","Which of the six was called"
"result_verdict","Diagnostic verdict","Multi line text","GHL + Sheet","The headline, as printed"
"result_confident","Diagnostic confident","Text","GHL + Sheet","false means nothing failed outright"
"result_underpriced","Diagnostic underpriced","Text","GHL + Sheet","true when they close above 80%"
"result_risks","Diagnostic risks","Multi line text","GHL + Sheet","Every risk that printed"
"result_top_risk","Diagnostic top risk","Text","GHL + Sheet","The loudest one"
"result_scores","Diagnostic scores","Multi line text","Sheet","All six block scores"
"result_ruled_out","Diagnostic ruled out","Text","Sheet","Anything a disqualifier removed"
"result_why_major","Diagnostic why major","Multi line text","Sheet","Which answers decided supply or demand"
"meta_session","Diagnostic session","Text","GHL + Sheet","Ties partial sends to the finished one"
"meta_stage","Diagnostic stage","Text","GHL + Sheet","group-1 to group-10, or complete"
"meta_answered","Diagnostic answered","Number","GHL + Sheet","How many questions they got through"
"meta_of","Diagnostic of","Number","Sheet","How many there were"
"meta_started_at","Diagnostic started","Text","Sheet","When they began"
"meta_sent_at","Diagnostic sent","Text","Sheet","When this send left the browser"
"meta_content_version","Diagnostic content version","Text","GHL + Sheet","Which version of the questions produced it"
"meta_source","Diagnostic source","Multi line text","Sheet","The page it ran on"
"raw_json","Diagnostic raw","Multi line text","GHL + Sheet","Every answer as codes. The engine is deterministic, so this alone reproduces any report"